scenario,cps,pid,impacted_pids,efficiency_json,linear_length_m,buffer_area_ha,portion_treated,wetland_area_ha,catchment_to_wetland_ratio,cost_usd,treated_nitrogen,removed_nitrogen,treated_phosphorus,removed_phosphorus,treated_sediment,removed_sediment
1,329,5,,"{""nitrogen"":0.3548526440512243,""phosphorus"":0.15635779043896053,""sediment"":0.482418814636942}",,,,,,3643.7370710739915,933.8479171940894,331.3784025580514,107.49293817984956,16.807358301593055,24225.499628286725,11686.83681466576
1,340,5,,"{""nitrogen"":0.1900163011181103,""phosphorus"":0.06314112973616864,""sediment"":0.09628684762026435}",,,,,,3943.4965108081815,602.4695146360381,114.47902870756317,90.68557987825652,5.72598996429268,12538.662813620967,1207.3083156969972
1,656,5,,"{""nitrogen"":0.1477476074414456,""phosphorus"":0.16113791181046067,""sediment"":0.5817334867654848}",,,,3.1942064244842068,2.2082872874555606,46361.0267526143,75.0133987597778,11.083050192808273,13.059901330981022,2.104445228924938,1741.8442325241522,1013.2891187886248
